Workbook

Sheet KHAI BÁO
B1: PHIẾU KHAI BÁO PHƯƠNG TIỆN THỦY NỘI ĐỊA TRƯỚC KHI ĐẾN CẢNG
B2: (Áp dụng cho phương tiện mang cấp VR-SI, VR-SII, VR-SIII — mỗi phương tiện/mỗi lượt khai 01 phiếu)
B3: Ghi chú: Ô (*) bắt buộc; ô VÀNG là ô cần điền; ô XÁM là ô tự tính (không sửa). Để trống nếu không phát sinh.
B5: A. THÔNG TIN CHUNG
B6: (*) Tên doanh nghiệp / Đại lý
B7: (*) Ngày khai báo
B9: B. THÔNG TIN PHƯƠNG TIỆN
B10: (*) Tên phương tiện
B11: (*) Số đăng ký
B12: (*) Loại phương tiện / Công dụng
B13: (*) Cấp phương tiện
B14: Chiều dài lớn nhất (m)
... B32: Tên hàng
B33: Số container 20' có hàng | C33: 20
B34: Số container 20' rỗng | C34: 1
B35: Số container 40' có hàng
B36: Số container 40' rỗng | C36: 1
B37: Tổng số container | C37: =C33+C34+C35+C36 -> 22
B38: Quy đổi TEUs | C38: =(C33+C34)+(C35+C36)*2 -> 23
B39: Trong đó TEUs rỗng | C39: =C34+C36*2 -> 3
B40: Khối lượng (tấn)
B42: E. HÀNG HÓA XẾP (bốc lên tại cảng này)
B43: • Nếu là CONTAINER: khai số lượng theo size 20'/40' và có hàng/rỗng → TEUs tự quy đổi. Số Tấn nhập tay. • Nếu hàng khác: bỏ trống phần container, chỉ điền Tấn.
B44: Loại hàng
B45: Loại hình
B46: Tên hàng
B47: Số container 20' có hàng
B48: Số container 20' rỗng
B49: Số container 40' có hàng
B50: Số container 40' rỗng
B51: Tổng số container | C51: =C47+C48+C49+C50 -> 0
B52: Quy đổi TEUs | C52: =(C47+C48)+(C49+C50)*2 -> 0
B53: Trong đó TEUs rỗng | C53: =C48+C50*2 -> 0
B54: Khối lượng (tấn)
B56: F. LIÊN HỆ
B57: (*) Họ tên thuyền trưởng
B58: (*) Số điện thoại thuyền trưởng
B60: Người khai báo cam đoan các thông tin trên là đúng sự thật.
C62: Ngày …… tháng …… năm ……
C63: NGƯỜI KHAI BÁO (ký, ghi rõ họ tên)

Sheet Danh mục
A1: Loại PT | B1: Cấp PT | C1: Loại hàng | D1: Loại hình dỡ | E1: Loại hình xếp
A2: Tàu hàng khô | B2: VR-SI | C2: Container | D2: Nội địa | E2: Nội địa
A3: Tàu container | B3: VR-SII | C3: Hàng khô | D3: Nhập khẩu | E3: Xuất khẩu
A4: Tàu hàng lỏng/dầu | B4: VR-SIII | C4: Hàng lỏng | D4: Chuyển tải
A5: Tàu khách | B5: Khác | D5: Quá cảnh có bốc dỡ
A6: Tàu kéo/đẩy | D6: Quá cảnh không bốc dỡ
A7: Sà lan tự hành
A8: Sà lan
A9: Khác

Sheet _DATA
A1: Tên DN/Đại lý | B1: Ngày khai báo | C1: Tên phương tiện | D1: Số đăng ký | E1: Loại PT/Công dụng | F1: Cấp PT | G1: Chiều dài (m) | H1: Trọng tải toàn phần | I1: Dung tích (GT) | J1: Hết hạn GCN | K1: Số thuyền viên | L1: Số hành khách | M1: Cảng rời cuối | N1: Cảng đến (làm hàng) | O1: Cảng đích | P1: TG đến | Q1: TG rời | R1: Dỡ-Loại hàng | S1: Dỡ-Loại hình | T1: Dỡ-Tên hàng | U1: Dỡ-Cont20 full | V1: Dỡ-Cont20 rỗng | W1: Dỡ-Cont40 full | X1: Dỡ-Cont40 rỗng | Y1: Dỡ-Tổng cont | Z1: Dỡ-TEUs | AA1: Dỡ-TEUs rỗng | AB1: Dỡ-Tấn | AC1: Xếp-Loại hàng | AD1: Xếp-Loại hình | AE1: Xếp-Tên hàng | AF1: Xếp-Cont20 full | AG1: Xếp-Cont20 rỗng | AH1: Xếp-Cont40 full | AI1: Xếp-Cont40 rỗng | AJ1: Xếp-Tổng cont | AK1: Xếp-TEUs | AL1: Xếp-TEUs rỗng | AM1: Xếp-Tấn | AN1: Thuyền trưởng | AO1: SĐT thuyền trưởng
A2: ='KHAI BÁO'!C6 -> 0 | B2: ='KHAI BÁO'!C7 -> 0 | C2: ='KHAI BÁO'!C10 -> 0 | D2: ='KHAI BÁO'!C11 -> 0 | E2: ='KHAI BÁO'!C12 -> 0 | F2: ='KHAI BÁO'!C13 -> 0 | G2: ='KHAI BÁO'!C14 -> 0 | H2: ='KHAI BÁO'!C15 -> 0 | I2: ='KHAI BÁO'!C16 -> 0 | J2: ='KHAI BÁO'!C17 -> 0 | K2: ='KHAI BÁO'!C18 -> 0 | L2: ='KHAI BÁO'!C19 -> 0 | M2: ='KHAI BÁO'!C22 -> 0 | N2: ='KHAI BÁO'!C23 -> 0 | O2: ='KHAI BÁO'!C24 -> 0 | P2: ='KHAI BÁO'!C25 -> 0 | Q2: ='KHAI BÁO'!C26 -> 0 | R2: ='KHAI BÁO'!C30 -> 0 | S2: ='KHAI BÁO'!C31 -> 0 | T2: ='KHAI BÁO'!C32 -> 0 | U2: ='KHAI BÁO'!C33 -> 20 | V2: ='KHAI BÁO'!C34 -> 1 | W2: ='KHAI BÁO'!C35 -> 0 | X2: ='KHAI BÁO'!C36 -> 1 | Y2: ='KHAI BÁO'!C37 -> 22 | Z2: ='KHAI BÁO'!C38 -> 23 | AA2: ='KHAI BÁO'!C39 -> 3 | AB2: ='KHAI BÁO'!C40 -> 0 | AC2: ='KHAI BÁO'!C44 -> 0 | AD2: ='KHAI BÁO'!C45 -> 0 | AE2: ='KHAI BÁO'!C46 -> 0 | AF2: ='KHAI BÁO'!C47 -> 0 | AG2: ='KHAI BÁO'!C48 -> 0 | AH2: ='KHAI BÁO'!C49 -> 0 | AI2: ='KHAI BÁO'!C50 -> 0 | AJ2: ='KHAI BÁO'!C51 -> 0 | AK2: ='KHAI BÁO'!C52 -> 0 | AL2: ='KHAI BÁO'!C53 -> 0 | AM2: ='KHAI BÁO'!C54 -> 0 | AN2: ='KHAI BÁO'!C57 -> 0 | AO2: ='KHAI BÁO'!C58 -> 0
